CREATE DATABASE BRANCH;
USE BRANCH;
CREATE TABLE BRANCH(
	BID VARCHAR(10) PRIMARY KEY,
    BNAME CHARACTER(40) NOT NULL,
    NOOFEMP INT(10) NOT NULL
);
INSERT INTO BRANCH VALUES('B001','ADMIN',2);
INSERT INTO BRANCH VALUES('B002','HUMAN RESOURCES',1);
INSERT INTO BRANCH VALUES('B003','MANAGER',1);
INSERT INTO BRANCH VALUES('B004','TESTING',4);
INSERT INTO BRANCH VALUES('B005','INTERVIEWER',2);

CREATE TABLE PROJECT(
	PID VARCHAR(10) PRIMARY KEY,
    PNAME CHARACTER(40) NOT NULL
);
INSERT INTO PROJECT VALUES('P001','HOSPITAL MANAGEMENT');
INSERT INTO PROJECT VALUES('P002','BANK MANAGEMENT');
INSERT INTO PROJECT VALUES('P003','CHATTING APPLICATION');
INSERT INTO PROJECT VALUES('P004','TRAVEL AND TOURISM MANAGEMENT');
INSERT INTO PROJECT VALUES('P005','LIBRARY MANAGEMENT');
INSERT INTO PROJECT VALUES('P006','QUIZ APPLICATION');

CREATE TABLE EMP(
	EMPID VARCHAR(10) PRIMARY KEY,
    EMPNAME CHARACTER(40) NOT NULL,
    ADDRESS VARCHAR(40) NOT NULL,
    BID VARCHAR(10) NOT NULL,
    PID VARCHAR(10) NOT NULL,
    FOREIGN KEY(BID) REFERENCES BRANCH(BID),
    FOREIGN KEY(PID) REFERENCES PROJECT(PID)
);
INSERT INTO EMP VALUES('E001','RAMCHARAN DAS','HYDERABAD','B005','P004');
INSERT INTO EMP VALUES('E002','KALICHARAN BOSE','BENGALURU','B004','P003');
INSERT INTO EMP VALUES('E003','ADITYA SEN','HYDERABAD','B004','P003');
INSERT INTO EMP VALUES('E004','SHYAMSUNDAR MAJHI','MUMBAI','B002','P002');
INSERT INTO EMP VALUES('E005','KREETIKA CHOWDHURY','HYDERABAD','B001','P001');
INSERT INTO EMP VALUES('E006','ANUPAMA DEY','NEW DELHI','B004','P006');
INSERT INTO EMP VALUES('E007','ABHISHEK SHARMA','HYDERABAD','B001','P001');
INSERT INTO EMP VALUES('E008','RAJU SAMANTA','CHENNAI','B003','P001');
INSERT INTO EMP VALUES('E009','ANKITA DAS','THIRUVANANTHAPURAM','B004','P006');
INSERT INTO EMP VALUES('E010','TARUN HALDER','BHUBANESHWAR','B005','P004');

SELECT * FROM BRANCH;
SELECT * FROM PROJECT;
SELECT * FROM EMP;

#SHOW THE EMPLOYEE IDS AND NAMES WHO ARE FROM 'HYDERABAD'
SELECT EMPID,EMPNAME,ADDRESS FROM EMP WHERE ADDRESS='HYDERABAD';

#SHOW THE EMPLOYEE IDS AND NAMES WHO ARE WORKING IN 'HOSPITAL MANAGEMENT' PROJECT
SELECT EMPID,EMPNAME,PNAME FROM PROJECT,EMP WHERE PROJECT.PID=EMP.PID AND PNAME='HOSPITAL MANAGEMENT';

#COUNT THE TOTAL NUMBER OF EMPLOYEES WORKING IN THE OFFICE
SELECT COUNT(EMPID) AS "NO OF EMPLOYEES" FROM EMP;

#FIND OUT THE NUMBER OF EMPLOYEES OF 'ADMIN' BRANCH
SELECT NOOFEMP AS "NO OF EMPLOYEES (ADMIN)" FROM BRANCH WHERE BNAME="ADMIN";

#FIND OUT THE EMPLOYEE IDS AND NAMES WHO ARE WORKING FOR 'TESTING' BRANCH
SELECT EMPID,EMPNAME FROM EMP WHERE BID IN (SELECT BID FROM BRANCH WHERE BNAME="TESTING");
